Model,Image
HYUNDAI Bayon,https://s1.cdn.autoevolution.com/images/models/thumb/HYUNDAI_Bayon-2024_main.jpg_tmb.jpg
HYUNDAI i30,https://s1.cdn.autoevolution.com/images/models/thumb/HYUNDAI_i30-2024_main.jpg_tmb.jpg
HYUNDAI i30 Estate,https://s1.cdn.autoevolution.com/images/models/thumb/HYUNDAI_i30-Estate-2024_main.jpg_tmb.jpg
HYUNDAI Santa Cruz,https://s1.cdn.autoevolution.com/images/models/thumb/HYUNDAI_Santa-Cruz-2024_main.jpg_tmb.jpg
HYUNDAI i30 Fastback,https://s1.cdn.autoevolution.com/images/models/thumb/HYUNDAI_i30-Fastback-2024_main.jpg_tmb.jpg
HYUNDAI i10,https://s1.cdn.autoevolution.com/images/models/thumb/HYUNDAI_i10-2023_main.jpg_tmb.jpg
HYUNDAI Elantra N,https://s1.cdn.autoevolution.com/images/models/thumb/HYUNDAI_Elantra-N-2023_main.jpg_tmb.jpg
HYUNDAI i20,https://s1.cdn.autoevolution.com/images/models/thumb/HYUNDAI_i20-2023_main.jpg_tmb.jpg
HYUNDAI Sonata,https://s1.cdn.autoevolution.com/images/models/thumb/HYUNDAI_Sonata-2023_main.jpg_tmb.jpg
HYUNDAI Elantra Sedan,https://s1.cdn.autoevolution.com/images/models/thumb/HYUNDAI_Elantra-2023_main.jpg_tmb.jpg
HYUNDAI Santa Fe,https://s1.cdn.autoevolution.com/images/models/thumb/HYUNDAI_Santa-Fe-2023_main.jpg_tmb.jpg
HYUNDAI ix35 / Tucson,https://s1.cdn.autoevolution.com/images/models/thumb/HYUNDAI_Tucson--US--2023_main.jpg_tmb.jpg
HYUNDAI Kona Electric,https://s1.cdn.autoevolution.com/images/models/thumb/HYUNDAI_Kona-Electric--US--2023_main.jpg_tmb.jpg
HYUNDAI Ioniq,https://s1.cdn.autoevolution.com/images/models/thumb/HYUNDAI_Ioniq-5-2021_main.jpg_tmb.jpg
HYUNDAI Palisade,https://s1.cdn.autoevolution.com/images/models/thumb/HYUNDAI_Palisade-2022_main.jpg_tmb.jpg
HYUNDAI Kona,https://s1.cdn.autoevolution.com/images/models/thumb/HYUNDAI_Kona--US--2023_main.jpg_tmb.jpg
HYUNDAI i30 N,https://s1.cdn.autoevolution.com/images/models/thumb/HYUNDAI_i30-N-2020_main.jpg_tmb.jpg
HYUNDAI i20 Active,https://s1.cdn.autoevolution.com/images/models/thumb/HYUNDAI_i20-Active-2018_main.jpg_tmb.jpg
HYUNDAI i40 wagon,https://s1.cdn.autoevolution.com/images/models/thumb/HYUNDAI_i40-Wagon-2018_main.jpg_tmb.jpg
HYUNDAI Veloster,https://s1.cdn.autoevolution.com/images/models/thumb/HYUNDAI_Veloster-N-2018_main.jpg_tmb.jpg
HYUNDAI Accent Sedan,https://s1.cdn.autoevolution.com/images/models/thumb/HYUNDAI_Accent-2017_main.jpg_tmb.jpg
HYUNDAI Elantra GT,https://s1.cdn.autoevolution.com/images/models/thumb/HYUNDAI_Elantra-GT-2017_main.jpg_tmb.jpg
HYUNDAI Grandeur / Azera,https://s1.cdn.autoevolution.com/images/models/thumb/HYUNDAI_Grandeur-2022_main.jpg_tmb.jpg
HYUNDAI Ioniq 9,https://s1.cdn.autoevolution.com/images/models/thumb/HYUNDAI_Ioniq-9-2024_main.jpg_tmb.jpg
HYUNDAI Ioniq 5,https://s1.cdn.autoevolution.com/images/models/thumb/HYUNDAI_Ioniq-5-N-2023_main.jpg_tmb.jpg
HYUNDAI Ioniq 6,https://s1.cdn.autoevolution.com/images/models/thumb/HYUNDAI_Ioniq-6-2022_main.jpg_tmb.jpg
HYUNDAI i20 N,https://s1.cdn.autoevolution.com/images/models/thumb/HYUNDAI_i20-N-2020_main.jpg_tmb.jpg
HYUNDAI Mistra,https://s1.cdn.autoevolution.com/images/models/thumb/HYUNDAI_Mistra-2014_main.jpg_tmb.jpg
HYUNDAI NEXO,https://s1.cdn.autoevolution.com/images/models/thumb/HYUNDAI_NEXO-2018_main.jpg_tmb.jpg
HYUNDAI Staria,https://s1.cdn.autoevolution.com/images/models/thumb/HYUNDAI_Staria-2021_main.jpg_tmb.jpg
HYUNDAI i30 Coupe,https://s1.cdn.autoevolution.com/images/models/thumb/HYUNDAI_i30-Coupe-2012_main.jpg_tmb.jpg
HYUNDAI Venue,https://s1.cdn.autoevolution.com/images/models/thumb/HYUNDAI_Venue-2019_main.jpg_tmb.jpg
HYUNDAI Accent 3 Doors,https://s1.cdn.autoevolution.com/images/models/thumb/HYUNDAI_Accent-3-Doors-2006_main.jpg_tmb.jpg
HYUNDAI Accent 5 Doors,https://s1.cdn.autoevolution.com/images/models/thumb/HYUNDAI_Accent-5-Doors-2011_main.jpg_tmb.jpg
HYUNDAI Atos,https://s1.cdn.autoevolution.com/images/models/thumb/HYUNDAI_Atos-2005_main.jpg_tmb.jpg
HYUNDAI Atos Multi,https://s1.cdn.autoevolution.com/images/models/thumb/HYUNDAI_Atos-Multi-1998_main.jpg_tmb.jpg
HYUNDAI Atos Spirit,https://s1.cdn.autoevolution.com/images/models/thumb/HYUNDAI_Atos-Spirit-1999_main.jpg_tmb.jpg
HYUNDAI Coupe / Tiburon,https://s1.cdn.autoevolution.com/images/models/thumb/HYUNDAI_Coupe-2007_main.jpg_tmb.jpg
HYUNDAI Elantra 5 Doors,https://s1.cdn.autoevolution.com/images/models/thumb/HYUNDAI_Elantra-GT-2012_main.jpg_tmb.jpg
HYUNDAI Elantra Coupe,https://s1.cdn.autoevolution.com/images/models/thumb/HYUNDAI_Elantra-Coupe-2012_main.jpg_tmb.jpg
HYUNDAI Elantra Touring,https://s1.cdn.autoevolution.com/images/models/thumb/HYUNDAI_Elantra-Touring-2011_main.jpg_tmb.jpg
HYUNDAI Equus,https://s1.cdn.autoevolution.com/images/models/thumb/HYUNDAI_Equus-2013_main.jpg_tmb.jpg
HYUNDAI Excel 3 Doors,https://s1.cdn.autoevolution.com/images/models/thumb/HYUNDAI_Excel-3-Doors-1998_main.jpg_tmb.jpg
HYUNDAI Excel 5 Doors,https://s1.cdn.autoevolution.com/images/models/thumb/HYUNDAI_Excel-5-Doors-1998_main.jpg_tmb.jpg
HYUNDAI Excel Sedan,https://s1.cdn.autoevolution.com/images/models/thumb/HYUNDAI_Excel-4-Doors-1998_main.jpg_tmb.jpg
HYUNDAI Genesis,https://s1.cdn.autoevolution.com/images/models/thumb/HYUNDAI_Genesis-2014_main.jpg_tmb.jpg
HYUNDAI Genesis Coupe,https://s1.cdn.autoevolution.com/images/models/thumb/HYUNDAI_Genesis--2013_main.jpg_tmb.jpg
HYUNDAI Getz 3 Doors,https://s1.cdn.autoevolution.com/images/models/thumb/HYUNDAI_Getz-3-Doors-2005_main.jpg_tmb.jpg
HYUNDAI Getz 5 Doors,https://s1.cdn.autoevolution.com/images/models/thumb/HYUNDAI_Getz-5-Doors-2005_main.jpg_tmb.jpg
HYUNDAI i20 Coupe,https://s1.cdn.autoevolution.com/images/models/thumb/HYUNDAI_i20-Coupe-2015_main.jpg_tmb.jpg
HYUNDAI i40,https://s1.cdn.autoevolution.com/images/models/thumb/HYUNDAI_i40-Saloon-2011_main.jpg_tmb.jpg
HYUNDAI i800 / H-1,https://s1.cdn.autoevolution.com/images/models/thumb/HYUNDAI_i800-2008_main.jpg_tmb.jpg
HYUNDAI ix20,https://s1.cdn.autoevolution.com/images/models/thumb/HYUNDAI_ix20-2015_main.jpg_tmb.jpg
HYUNDAI ix55 / Veracruz,https://s1.cdn.autoevolution.com/images/models/thumb/HYUNDAI_Veracruz-2009_main.jpg_tmb.jpg
HYUNDAI Kona N,https://s1.cdn.autoevolution.com/images/models/thumb/HYUNDAI_Kona-N-2021_main.jpg_tmb.jpg
HYUNDAI Lantra,https://s1.cdn.autoevolution.com/images/models/thumb/HYUNDAI_Lantra-1998_main.jpg_tmb.jpg
HYUNDAI Lantra Wagon,https://s1.cdn.autoevolution.com/images/models/thumb/HYUNDAI_Lantra-Wagon-1999_main.jpg_tmb.jpg
HYUNDAI Matrix,https://s1.cdn.autoevolution.com/images/models/thumb/HYUNDAI_Matrix-2001_main.jpg_tmb.jpg
HYUNDAI Pony 3 Doors,https://s1.cdn.autoevolution.com/images/models/thumb/HYUNDAI_Pony-3-Doors-1989_main.jpg_tmb.jpg
HYUNDAI Pony 5 Doors,https://s1.cdn.autoevolution.com/images/models/thumb/HYUNDAI_Pony-5-Doors-1989_main.jpg_tmb.jpg
HYUNDAI Satellite,https://s1.cdn.autoevolution.com/images/models/thumb/HYUNDAI_Satellite-1997_main.jpg_tmb.jpg
HYUNDAI Scoupe,https://s1.cdn.autoevolution.com/images/models/thumb/HYUNDAI_Scoupe-1992_main.jpg_tmb.jpg
HYUNDAI Sonata Hybrid,https://s1.cdn.autoevolution.com/images/models/thumb/HYUNDAI_Sonata-Hybrid-2017_main.jpg_tmb.jpg
HYUNDAI Terracan,https://s1.cdn.autoevolution.com/images/models/thumb/HYUNDAI_Terracan-2004_main.jpg_tmb.jpg
HYUNDAI Trajet,https://s1.cdn.autoevolution.com/images/models/thumb/HYUNDAI_Trajet-2004_main.jpg_tmb.jpg
HYUNDAI XG,https://s1.cdn.autoevolution.com/images/models/thumb/HYUNDAI_XG-2003_main.jpg_tmb.jpg
