Brand,Logo URL
Acura,https://1000logos.net/wp-content/uploads/2018/09/Acura-Logo-500x281.jpg
Alfa Romeo,https://1000logos.net/wp-content/uploads/2018/09/alfa-romeo-logo-500x281-1.jpg
Aston Martin,https://1000logos.net/wp-content/uploads/2020/02/Aston-Martin-Logo-tumb.png
Audi,https://1000logos.net/wp-content/uploads/2021/03/Audi-Sport-logo-tumb.jpg
BMW,https://1000logos.net/wp-content/uploads/2022/04/BMW-M-Logo-tumb.png
Bentley,https://1000logos.net/wp-content/uploads/2018/09/Bentley-logo-500x281.jpg
Bugatti,https://1000logos.net/wp-content/uploads/2020/02/Bugatti-Logo-tumb.png
Buick,https://1000logos.net/wp-content/uploads/2020/04/Buick-Logo-thumb.png
Cadillac,https://1000logos.net/wp-content/uploads/2020/04/Cadillac-Logo-tumb.png
Campagna,https://1000logos.net/wp-content/uploads/2024/01/Campagna-logo-tumb.jpg
Chevrolet,https://1000logos.net/wp-content/uploads/2019/12/Chevrolet-logo-tumb.jpg
Chrysler,https://1000logos.net/wp-content/uploads/2020/04/Chrysler-Logo-tumb.png
Daewoo,https://1000logos.net/wp-content/uploads/2020/04/Daewoo-Logo-thumb.png
Dodge,https://1000logos.net/wp-content/uploads/2023/11/Dodge-Viper-Logo-tumb.jpg
Eagle,https://1000logos.net/wp-content/uploads/2020/06/Eagle-Logo-tumb.jpg
FIAT,https://1000logos.net/wp-content/uploads/2020/02/Fiat-Logo-thumb.png
Felino,https://1000logos.net/wp-content/uploads/2024/01/Felino-logo-tumb.jpg
Ferrari,https://1000logos.net/wp-content/uploads/2018/02/Ferrari-logo-tumb.jpg
Fisker,https://1000logos.net/wp-content/uploads/2023/07/Fisker-Logo-tumb.png
Ford,https://1000logos.net/wp-content/uploads/2018/02/Ford-Logo-tumb.png
Genesis,https://1000logos.net/wp-content/uploads/2019/10/Genesis-Logo-tumb.png
GMC,https://1000logos.net/wp-content/uploads/2023/03/GMC-Logo-tumb.png
Honda,https://1000logos.net/wp-content/uploads/2018/03/Honda-Logo-tumb.png
HUMMER,https://1000logos.net/wp-content/uploads/2020/06/Hummer-Logo-tumb.png
Hyundai,https://1000logos.net/wp-content/uploads/2018/04/Hyundai-Logo-tumb.png
INEOS,https://1000logos.net/wp-content/uploads/2024/01/INEOS-logo-tumb.jpg
INFINITI,https://1000logos.net/wp-content/uploads/2020/04/Infiniti-Logo-thumb.png
INKAS,https://inkas.ca/wp-content/uploads/2021/08/Logo@2x.png
Isuzu,https://1000logos.net/wp-content/uploads/2020/03/Isuzu-Logo-tumb.jpg
Jaguar,https://1000logos.net/wp-content/uploads/2019/12/Jaguar-Logo-tumb-1.png
Jeep,https://1000logos.net/wp-content/uploads/2022/12/Jeep-Wrangler-Logo-tumb.png
Karma,https://1000logos.net/wp-content/uploads/2021/01/Karma-logo-tumb.jpg
Kia,https://1000logos.net/wp-content/uploads/2022/12/KIA-Telluride-Logo-tumb.png
Lamborghini,https://1000logos.net/wp-content/uploads/2018/03/Lamborghini-Logo-tumb.png
Land Rover,https://1000logos.net/wp-content/uploads/2020/03/Rover-Logo-tumb.jpg
Lexus,https://1000logos.net/wp-content/uploads/2020/02/Lexus-Logo-tumb.png
Lincoln,https://1000logos.net/wp-content/uploads/2020/03/Lincoln-Logo-tumb.jpg
Lotus,https://1000logos.net/wp-content/uploads/2020/06/Lotus-Logo-tumb.jpg
Maserati,https://1000logos.net/wp-content/uploads/2018/04/Maserati-Logo-tumb.png
Maybach,https://1000logos.net/wp-content/uploads/2020/03/Maybach-Logo-tumb.jpg
Mazda,https://1000logos.net/wp-content/uploads/2023/09/Swaraj-Mazda-Logo-tumb.png
McLaren,https://1000logos.net/wp-content/uploads/2020/03/McLaren-Logo-tumb.png
Mercedes-Benz,https://www.mercedes-benz.com/content/dam/brandhub/global/logos/MB-star_n_web.svg/_jcr_content/renditions/original
Mercury,https://1000logos.net/wp-content/uploads/2020/03/Mercury-Logo-tumb.jpg
MINI,https://1000logos.net/wp-content/uploads/2020/02/MINI-Logo-tumb.jpg
Mitsubishi,https://1000logos.net/wp-content/uploads/2021/02/Mitsubishi-logo-tumb.jpg
Nissan,https://1000logos.net/wp-content/uploads/2020/03/nissan-tumb.jpg
Oldsmobile,https://1000logos.net/wp-content/uploads/2020/03/Oldsmobile-Logo-tumb.jpg
Panoz,https://1000logos.net/wp-content/uploads/2023/11/Panoz-Logo-tumb.jpg
Plymouth,https://1000logos.net/wp-content/uploads/2020/03/Plymouth-Logo-tumb.jpg
Polestar,https://1000logos.net/wp-content/uploads/2021/01/Polestar-logo-tumb.jpg
Pontiac,https://1000logos.net/wp-content/uploads/2020/03/Pontiac-logo-tumb.jpg
Porsche,https://1000logos.net/wp-content/uploads/2024/01/VW-Porsche-logo-tumb.jpg
Rivian,https://1000logos.net/wp-content/uploads/2022/08/Rivian-Logo-tumb.png
Rolls-Royce,https://1000logos.net/wp-content/uploads/2020/03/Rolls-Royce-Logo-tumb.png
Saab,https://1000logos.net/wp-content/uploads/2020/04/Saab-logo-tumb.jpg
Saturn,https://1000logos.net/wp-content/uploads/2020/03/Saturn-Logo-tumb.jpg
Scion,https://1000logos.net/wp-content/uploads/2020/03/Scion-Logo-tumb.jpg
Spyker,https://1000logos.net/wp-content/uploads/2020/10/Spyker-Logo-tumb-1.jpg
Subaru,https://1000logos.net/wp-content/uploads/2018/03/Subaru-Logo-tumb.png
Suzuki,https://1000logos.net/wp-content/uploads/2020/02/Suzuki-Logo-tumb.jpg
Tesla motors,https://1000logos.net/wp-content/uploads/2024/01/W-Motors-logo-tumb.jpg
Toyota,https://1000logos.net/wp-content/uploads/2024/10/Toyota-Supra-Logo-tumb.png
VinFast,https://1000logos.net/wp-content/uploads/2024/01/VinFast-logo-tumb.jpg
Volkswagen,https://1000logos.net/wp-content/uploads/2019/12/Volkswagen-logo-tumb.jpg
Volvo,https://1000logos.net/wp-content/uploads/2020/03/Volvo-Logo-small.png
